<?xml version="1.0" encoding="UTF-8"?>
    <addon id="repository.soultv" name="Soul TV Repo" version="1.0.0" provider-name="Soul TV">
        <requires>
            <import addon="xbmc.addon" version="12.0.0"/>
        </requires>
        <extension point="xbmc.addon.repository" name="Soul TV Repo">
            <info compressed="false">https://github.com/SoulTV/repository.soultv/raw/master/_repo/addons.xml</info>
            <checksum>https://github.com/SoulTV/repository.soultv/raw/master/_repo/addons.xml.md5</checksum>
            <datadir zip="true">https://github.com/SoulTV/repository.soultv/raw/master/_repo/</datadir>
            <hashes>false</hashes>
        </extension>
        <extension point="xbmc.addon.metadata">
            <summary>Soul TV Repo</summary>
            <description>Stay up-to-date with Soul TV Repo</description>
            <platform>all</platform>
    </extension>
</addon>